date,open,high,low,close,volume,ret,vol_change,vol_amp,vol_ratio,valuation,sentiment,lp_score,freq
2024-09-17,59.2,60.0,58.0,59.1,65113949,,0.0,,,,,,daily
2024-09-19,60.9,65.4,60.5,64.25,57891019,0.08714043993231813,-0.1109275372009767,1.7991351735772132,,,,,daily
2024-09-20,63.85,64.95,63.0,64.0,24692420,-0.0038910505836575737,-0.5734671728614762,1.3703068855029577,,,,,daily
2024-09-23,65.0,69.15,64.7,67.6,19667047,0.05624999999999991,-0.20351885315412588,0.9077344157209677,,,,,daily
2024-09-24,67.8,70.15,67.05,70.15,13042867,0.037721893491124536,-0.33681619818165887,0.7015178571763598,,,,,daily
2024-09-25,70.15,75.8,70.15,70.7,8161402,0.00784034212401985,-0.3742631892205909,0.4572713634023055,0.4594883982041002,1.0753261055913297,1.0,,daily
2024-09-26,72.0,79.8,71.2,77.7,7896483,0.0990099009900991,-0.03245998665425376,0.36053884537717895,1.0640714309251722,1.1102167265260954,1.0,0.7801460611464168,daily
2024-09-27,80.0,82.15,72.05,74.2,13904793,-0.04504504504504503,0.7608843076088432,0.5115873888209458,1.7652660369720081,1.1162425224886872,0.9059139784946237,1.0666950138467368,daily
2024-09-30,74.0,76.55,70.0,74.25,22235363,0.0006738544474393926,0.5991149958147526,0.9460514025127398,1.3174272628615098,1.0791241429804248,0.8131720430107526,1.2473769696959833,daily
2024-10-02,75.2,93.3,72.8,93.3,31989628,0.25656565656565644,0.4386825166740025,1.4758119845260347,1.29490242394346,1.1894411452811073,0.907258064516129,1.3529564834439984,daily
2024-10-03,91.5,94.0,79.5,85.0,22114277,-0.08896034297963551,-0.3087047776860675,1.5539233534334844,2.130060968692682,1.225652681839107,0.8583617747440273,1.5475112735494574,daily
2024-10-04,84.0,97.0,83.0,93.0,10750017,0.09411764705882364,-0.5138879285992484,1.0828588838173778,1.7712725198023018,1.1774077203173925,0.8532423208191128,1.4623284675249852,daily
2024-10-07,95.0,95.45,90.55,95.0,7676634,0.021505376344086002,-0.28589564090921904,0.6854579548617945,0.8473365913433675,1.1970573240187268,0.9948805460750854,1.1087297578175817,daily
2024-10-08,101.0,101.0,83.6,84.15,14829015,-0.11421052631578943,0.9317079595041264,0.8508160158015947,0.6382341307943457,1.1077931617101413,0.7816901408450705,0.9866684436128553,daily
2024-10-09,88.6,89.0,77.0,83.0,9235888,-0.013666072489601944,-0.3771745459829935,0.998206912558621,0.7004342798974246,1.0145297222461047,0.5347765605981569,0.9560738118298411,daily
2024-10-10,85.95,86.95,81.25,84.75,4689224,0.02108433734939763,-0.4922822797331453,0.7541082372343879,0.40901727863045356,1.0016846826088817,0.5066921889838556,0.7574398172527731,daily
2024-10-14,84.5,84.5,80.35,81.55,3989594,-0.03775811209439528,-0.14919952640351586,0.6081245751012911,0.2845697274922601,0.9825892260784952,0.43028846153846145,0.6228134747224238,daily
2024-10-15,81.55,82.8,78.0,79.4,3978644,-0.02636419374616794,-0.0027446401814319454,0.6340122136873464,0.23897055393852082,0.9459219172797693,0.3007790778498611,0.5929894135385152,daily
2024-10-16,77.0,79.0,77.0,77.55,2114822,-0.023299748110831353,-0.4684565897325823,0.5614855253843859,0.0792687308851967,0.9178068793085474,0.12409638554216887,0.5226198815688302,daily
2024-10-17,78.95,79.8,73.1,74.0,3717755,-0.045776918117343635,0.7579517330536565,0.5847361274354039,0.20307462371452242,0.894452650149795,0.0,0.5345920578130898,daily
2024-10-18,74.0,77.3,70.4,76.3,6037700,0.031081081081081097,0.6240177203715682,1.0183845941694791,0.7937147431479181,0.9022034016175553,0.05476190476190475,0.7734708604529819,daily
2024-10-21,75.2,77.15,73.55,74.9,2766115,-0.0183486238532109,-0.5418594829156798,1.0659517719476144,1.2565361195563725,0.9223630536039447,0.07619047619047631,0.9261186540556421,daily
2024-10-22,76.0,77.7,74.9,77.65,2466294,0.03671562082777036,-0.10839064897880235,0.7940392221160515,1.2479725089563054,0.9514456225264225,0.19119601328903701,0.9130252497585367,daily
2024-10-23,79.5,80.9,78.0,78.45,2553093,0.010302640051513157,0.03519410094660258,0.7934345484212988,0.8989496920914976,0.9875057833035599,0.37674418604651205,0.8847325036787788,daily
2024-10-24,78.45,79.45,76.4,77.05,1407049,-0.017845761631612556,-0.4488845490548131,0.6679774310666465,0.6372034499635533,0.9909627961754082,0.34883720930232565,0.7620835810805116,daily
2024-10-25,78.0,79.4,77.1,78.0,688596,0.012329656067488592,-0.5106097939730599,0.4120410916321757,0.7079170171208885,0.9962224050166146,0.4067611273679347,0.6200880526615686,daily
2024-10-28,78.0,78.95,77.1,78.05,992045,0.0006410256410256387,0.4406778430313276,0.34987267106226905,0.5194190254652229,1.0092543835049275,0.6399006622516552,0.636452120420289,daily
2024-10-29,79.35,79.35,76.4,77.0,2343003,-0.013452914798206206,1.3617910477851307,0.6161141901384387,0.3832675452307097,1.0066139088586095,0.7120786516853924,0.8005702852858244,daily
2024-10-30,76.2,76.8,72.3,74.0,3693367,-0.038961038961038974,0.5763389974319282,1.0610728386845403,0.6173996669108586,0.9840901178995658,0.3370786516853931,0.9348833739900066,daily
2024-10-31,74.5,74.8,73.0,73.05,2455568,-0.012837837837837873,-0.3351410785876411,1.1257427412866783,0.7846668074294691,0.9612018614686881,0.0,0.8939999941639791,daily
2024-11-01,73.0,73.0,69.1,71.15,6819216,-0.026009582477754867,1.7770422158946526,1.3989373465684998,0.6634344938107058,0.9463181329674979,0.0,1.0210457974987064,daily
2024-11-04,71.5,72.3,70.1,72.25,2589623,0.015460295151089154,-0.6202462277188463,1.345998385242059,1.0487623900907148,0.945957063838609,0.07534246575342435,1.0893381443164636,daily
2024-11-05,72.25,74.25,71.75,74.0,4780681,0.02422145328719716,0.8460914967159312,1.00527326653605,0.9278341656208992,0.9688012855294827,0.27054794520547887,1.0097470849198449,daily
2024-11-06,73.05,73.95,70.05,70.9,3755742,-0.0418918918918918,-0.21439184082769802,1.0321217275115275,1.1144570728926346,0.9669195420789622,0.19520547945205455,1.001347584004761,daily
2024-11-07,70.05,70.9,68.85,70.05,6739254,-0.011988716502115748,0.7943868348784342,1.1370885913256794,1.4218695707393751,0.9498559661976409,0.0,1.068988783638914,daily
2024-11-08,71.5,73.15,70.15,72.0,7481198,0.027837259100642386,0.11009289752248552,1.4045798507889788,0.9590045794088259,0.9658054123612168,0.12187500000000023,1.1370544287311168,daily
2024-11-11,69.2,72.9,69.2,71.75,4908087,-0.00347222222222221,-0.34394371061960927,1.290524118517411,0.9588750672677702,0.9855450566741754,0.24417715827338168,1.0409041926113607,daily
2024-11-12,71.75,75.35,70.5,71.05,6195023,-0.009756097560975618,0.2622072510124618,1.2093356263965807,0.5399454139169941,0.9873096898286743,0.24888443675439406,0.9652564208430396,daily
2024-11-13,70.55,73.0,70.55,72.35,3427684,0.018296973961998475,-0.44670358770258,1.1030851512954243,0.5110166658646211,0.9967101962240712,0.41772151898734117,0.8713538264333326,daily
2024-11-14,72.35,73.85,70.55,71.0,3234893,-0.018659295093296446,-0.05624526648314143,0.898799862745985,0.965507243203924,0.9989084981224545,0.4113924050632909,0.8666076869443504,daily
2024-11-15,71.0,72.75,70.35,70.4,1979896,-0.00845070422535199,-0.38795626315924514,0.7626883235616008,0.7127829988775474,0.9872558881647822,0.16455696202531783,0.8069374341881436,daily
2024-11-18,70.4,70.95,68.9,69.8,2789157,-0.008522727272727404,0.40873914589453175,0.733227640330179,0.1691809743260847,0.9810670265308424,0.044303797468355534,0.6703777262340644,daily
2024-11-19,69.85,70.75,68.55,70.15,2279155,0.005014326647564626,-0.1828516644993451,0.7776895816361926,0.3056993185187107,0.9836722679270753,0.06862745098039397,0.6177469575663868,daily
2024-11-20,70.0,70.0,69.0,69.3,2322445,-0.012116892373485455,0.018993881504329346,0.7439844158485984,0.8299204110052338,0.9839075576618743,0.06862745098039397,0.6728718979558976,daily
2024-11-21,69.3,69.3,67.1,67.1,2852241,-0.031746031746031744,0.22811993394892016,0.830220421067223,0.9909131941308035,0.9654645255439694,0.0,0.8082994977311876,daily
2024-11-22,67.65,69.5,67.15,67.85,4054243,0.011177347242921076,0.4214237155976652,1.0508278739054822,1.3915015993136672,0.9600781887270224,0.07142857142857148,0.981984780297162,daily
2024-11-25,68.3,71.75,68.1,70.75,12619316,0.04274134119381001,2.0,1.8957099514711282,1.4204776684795695,0.9896618447264114,0.41904761904761967,1.4367328563070951,daily
2024-11-26,70.0,71.0,68.6,70.0,5328598,-0.010600706713780883,-0.5777427239321054,1.9710910692588017,1.3538197051262197,1.0064679911598189,0.6238095238095249,1.6000728037662841,daily
2024-11-27,70.4,73.15,69.2,73.0,5482893,0.04285714285714293,0.028956021827880374,1.2810569312083584,1.5693931569328117,1.022843504245989,0.7761904761904768,1.3906836762850507,daily
2024-11-28,73.5,73.5,69.75,70.8,3372722,-0.03013698630136985,-0.38486452316322783,1.021721944456633,1.5947044185162906,1.0282423190430896,0.8135593220338982,1.2725608360015581,daily
2024-11-29,70.8,71.8,69.1,69.35,4178154,-0.020480225988700584,0.23880770487457914,0.8532817411965206,0.9981780623917202,1.0030344569981087,0.504237288135593,1.0878861865162528,daily
2024-12-02,69.35,70.35,69.1,70.0,2784249,0.009372746935832899,-0.33361743008993927,0.7553668260177151,0.46489022190213125,0.9979225849471784,0.4364406779661018,0.8282427275004711,daily
2024-12-03,70.5,70.9,69.3,70.8,4207962,0.011428571428571344,0.5113454292342388,0.7372933789972884,0.37881279586485145,1.0076912385824701,0.5593220338983054,0.7385547471432762,daily
2024-12-04,71.6,74.95,70.6,74.3,11733819,0.04943502824858759,1.7884802666944237,1.27408509558087,0.46312848913372906,1.0342103416202097,0.8135593220338984,1.0425321084735568,daily
2024-12-05,74.4,75.0,73.15,74.1,6986438,-0.0026917900403768957,-0.4045895884366377,1.4462762314002697,1.0851114892514269,1.0488700392634867,0.9844961240310076,1.2682136457181956,daily
2024-12-06,74.5,74.8,71.55,71.55,28856058,-0.03441295546558698,2.0,2.241725367160607,1.0052856630753662,1.0217283910573072,0.70671834625323,1.5469969634889496,daily
2024-12-09,71.85,78.25,71.0,77.4,21090760,0.08176100628930838,-0.2691046018829044,2.896500513498748,1.3762804199183767,1.0371259597020464,0.7222222222222224,1.8634767353631954,daily
2024-12-10,79.85,79.9,74.35,75.55,9772348,-0.023901808785529832,-0.5366526384065818,1.9117324656686854,1.9663968198184958,1.05623959346445,0.885093167701863,1.7726844830813642,daily
2024-12-11,75.55,77.7,75.15,77.0,5417926,0.019192587690271434,-0.4455860556746444,1.0676744484269969,1.3502625953197087,1.0464922122485714,0.8602484472049683,1.4045197350957603,daily
2024-12-12,77.0,78.45,76.3,76.9,4633650,-0.0012987012987012436,-0.14475576078373897,0.7854044900574234,0.5941211956289916,1.0485289119734948,0.9440993788819874,1.0079346151357127,daily
2024-12-13,76.9,77.3,73.8,74.85,4367172,-0.026657997399219924,-0.05750930691787248,0.7681821168041396,0.411415035438946,1.02581937863298,0.7966468020815842,0.8278873231118871,daily
2024-12-16,74.75,75.25,72.7,73.1,2627122,-0.023380093520374068,-0.3984386234386922,0.6640862055341249,0.2517708120541773,0.9943164515863012,0.5019451269451259,0.6908426009313516,daily
2024-12-17,73.1,75.25,72.95,74.6,3228616,0.020519835841313228,0.22895548817298939,0.6266782054775946,0.4318703466429891,0.9880068325775033,0.4349261849261839,0.6471416586573759,daily
2024-12-18,74.6,76.2,74.6,76.15,3504791,0.020777479892761574,0.08553974830082,0.7490819242994025,0.40381412526300575,1.00462042698276,0.6538461538461534,0.7322317993100944,daily
2024-12-19,75.2,76.65,74.1,74.8,3542885,-0.017728168089297558,0.010869121725090025,0.8301516622600837,0.6359043213529463,1.004262267573195,0.6709401709401708,0.8124020514904613,daily
2024-12-20,74.45,75.25,74.25,74.65,3849179,-0.002005347593582729,0.08645327183919327,0.9166115484432952,0.9121084321975018,0.9917774309497616,0.4580103359173131,0.9013527552286082,daily
2024-12-23,75.6,76.75,74.8,75.75,2853660,0.014735432016074856,-0.25863151596743095,0.8985232367803386,0.584718894104188,0.99712522476866,0.5199761478831257,0.8713266016322485,daily
2024-12-24,75.6,77.9,75.2,77.45,3280269,0.022442244224422536,0.14949538487416159,0.8574212540052595,0.43465665179994895,1.0154984883036062,0.83974358974359,0.8331443652806432,daily
2024-12-27,77.35,77.35,75.7,76.1,2646900,-0.017430600387346784,-0.19308446959685321,0.8257029561478921,0.8461682914162796,1.0171518927394234,0.8448275862068959,0.8972015578582144,daily
2024-12-30,76.1,77.3,74.65,74.95,2789209,-0.015111695137976278,0.053764403641996195,0.7799213723724161,0.7623684874918032,1.002480601876474,0.5574712643678159,0.8941495121127208,daily
2024-12-31,74.95,77.55,74.95,75.55,2537656,0.008005336891260706,-0.09018793500236089,0.7813458548475657,0.5231920062171879,0.9996662474884069,0.49425287356321873,0.8077428533779094,daily
2025-01-02,75.55,78.0,74.6,74.65,4045066,-0.011912640635340699,0.5940166831122895,0.9328879357112976,0.9260047519334007,0.996193559652194,0.290381125226862,0.8760628085356739,daily
2025-01-03,74.65,76.0,73.9,75.3,5170063,0.008707300736771506,0.278115857689343,1.1913903017124174,0.9404754534232118,0.9930445754974966,0.12484335839599053,1.0106838807256118,daily
2025-01-06,75.3,76.0,74.7,75.3,3518944,0.0,-0.3193614855370235,1.1093617993324434,0.7014665397420494,0.9974503939492718,0.23214285714285432,0.9380964155937466,daily
2025-01-07,75.3,77.6,74.75,76.65,4196169,0.017928286852589848,0.19245120126947168,0.9666758767782568,0.6254351406118548,1.0057158207626062,0.47321428571428464,0.875576851712061,daily
2025-01-08,76.65,79.8,76.15,79.3,5493667,0.03457273320287002,0.30921013905779304,1.1001698226445145,0.7447091965424344,1.0277348236963832,0.8571428571428574,0.9928961697138556,daily
2025-01-09,79.3,81.15,78.15,80.6,5361158,0.016393442622950838,-0.024120318905386906,1.1647846203320409,0.7215334341193521,1.0472376719862506,1.0,1.0875205549885587,daily
2025-01-10,80.6,80.6,76.75,77.05,4755943,-0.04404466501240689,-0.11288885722077213,1.0718017573331866,1.299190271081193,1.0295114180130183,0.7016806722689073,1.117993119330483,daily
2025-01-13,76.95,76.95,73.4,75.3,5279854,-0.022712524334847495,0.11015922604623318,1.0782818266209226,1.2044258516601025,0.995680848792859,0.25630252100840245,1.1036719588722446,daily
2025-01-14,75.3,76.25,74.35,75.05,4044058,-0.0033200531208499307,-0.23405874480620104,1.0362140979606884,0.5747924224060024,0.9830653654312673,0.0882352941176458,0.912817865054258,daily
2025-01-15,75.9,76.3,73.95,74.8,6044613,-0.0033311125916055673,0.494689987136683,1.0921688695455523,0.27611791928407786,0.9802120256251827,0.04621848739495664,0.78621591729384,daily
2025-01-16,75.45,75.9,74.5,75.0,3788819,0.002673796791443861,-0.37319080642548996,1.0742241905287757,0.08611772321652532,0.9801417349100987,0.02984642132715111,0.7360329174939442,daily
2025-01-17,75.0,75.9,74.45,75.3,1583853,0.0040000000000000036,-0.5819665705857155,0.7089550029794458,0.1057379039617639,0.9831883299535553,0.06034482758620717,0.5803511668035053,daily
2025-01-20,76.1,78.1,75.65,76.35,3489666,0.013944223107569709,1.2032764404272367,0.7037117109278439,0.1956116209634073,0.9913342097731874,0.17672413793103434,0.6402907335439706,daily
2025-01-21,77.0,77.4,75.6,76.1,2682985,-0.0032743942370661028,-0.23116281042369102,0.8571307620516757,0.5107095817360268,0.9962419855521931,0.24568965517241342,0.7476824529494568,daily
2025-01-22,76.1,76.3,73.3,73.4,4996593,-0.035479632063074806,0.8623261032022169,1.1464886549353173,1.0564384343406559,0.981045983683852,0.11206896551724119,0.9166379917598606,daily
2025-01-23,73.85,74.2,73.35,73.6,2615330,0.0027247956403269047,-0.47657733979933925,1.1935527415796163,1.6581839130889264,0.9729570586882782,0.02739726027397111,1.1134797154889744,daily
2025-01-24,73.5,74.3,73.1,73.3,2744784,-0.0040760869565217295,0.049498151284923964,0.9292688579362558,1.1032756943469084,0.9792365297966531,0.02739726027397111,1.007451132783256,daily
2025-01-27,73.3,74.4,72.8,73.95,2321044,0.008867667121418954,-0.154380089653685,0.8805874143056978,0.471673608559685,0.984921621357684,0.10655737704918136,0.8001587833544718,daily
2025-01-28,74.7,74.95,73.95,74.9,528207,0.012846517917511902,-0.7724269768259455,0.5743227929314307,0.3940496297464554,0.9966194430159637,0.3688524590163961,0.597025087251297,daily
2025-02-03,75.1,75.5,70.2,74.55,5292301,-0.004672897196261849,2.0,0.812499800460015,0.4815486030227986,1.0009037644484504,0.4672131147541002,0.7841311084552225,daily
2025-02-04,74.5,75.45,73.45,75.0,2384156,0.006036217303822866,-0.5495048373098961,1.042196789472697,0.6462058878740911,1.0017415767968383,0.48360655737705005,0.9442361301604776,daily
2025-02-05,75.5,75.5,71.9,72.65,6540278,-0.03133333333333321,1.7432256949629137,1.0932762469899582,0.9806038926413352,0.9907484518772021,0.2786885245901646,1.036123649757947,daily
2025-02-06,74.0,74.4,72.05,73.65,5070112,0.013764624913971124,-0.22478646932133461,1.2608472017256653,1.8179336485850603,0.9852670349072685,0.14492753623188454,1.2444514176108545,daily
2025-02-07,73.65,75.5,72.45,75.3,5541290,0.02240325865580428,0.09293246381933962,1.1235624131208188,1.2753997363305152,1.0054741088691665,0.6449275362318845,1.209052501918004,daily
2025-02-10,75.3,75.7,74.2,75.5,5575281,0.0026560424966799445,0.006134131222152339,1.109656422080322,0.6120745713225451,1.0170635950534965,1.0,1.1039414318317542,daily
2025-02-11,75.55,76.0,74.35,75.0,4285494,-0.0066225165562914245,-0.23134026787170014,0.9836142135005262,0.6258227286794658,1.0126537784188372,0.9122807017543858,0.9816480693904275,daily
2025-02-12,75.5,75.8,73.85,74.45,6359362,-0.007333333333333303,0.4839274072020636,0.9799520209520939,0.21366217254921105,1.0038657533459903,0.7280701754385965,0.9162177325380023,daily
2025-02-13,74.5,74.85,73.3,73.4,6767489,-0.01410342511752849,0.0641773498662288,1.1103767384831893,0.15760782216963073,0.9927124746353191,0.44736842105263197,0.8663752911144326,daily
2025-02-14,74.0,76.1,73.25,76.1,6292490,0.03678474114441399,-0.07018836676350715,1.1003737710996913,0.9710908687789704,1.0033417615477396,0.6315789473684212,0.9398630664265373,daily
2025-02-17,76.1,76.1,73.7,74.3,7849759,-0.023653088042049908,0.24748056810578967,1.1452199538542438,1.8905785961399753,1.0087508126205074,0.7391304347826082,1.229946275461228,daily
2025-02-18,74.9,75.4,73.8,75.4,6723175,0.014804845222072816,-0.143518291453279,1.1562752999214696,1.7342959393649653,1.003954903685901,0.6376811594202907,1.3507791328807528,daily
2025-02-19,74.4,74.95,73.05,73.75,7879068,-0.021883289124668526,0.1719266566763471,1.1422457324249342,1.313619683807523,0.9992717205311814,0.4633655394524965,1.229449509645871,daily
2025-02-20,73.5,74.3,72.2,72.2,4027801,-0.021016949152542375,-0.48879727906904724,0.9702508258254935,0.6554023652108111,0.9780441057880898,0.06481481481481398,0.9446369403820416,daily
2025-02-21,72.2,72.9,71.4,72.35,4871270,0.0020775623268696197,0.20941178573618702,0.7767027688851474,0.39868523621365254,0.9715419273996275,0.019230769230768125,0.6899131088791635,daily
2025-02-24,72.3,73.65,71.2,72.15,4641651,-0.0027643400138215313,-0.04713739948719742,0.7940577973003138,0.4648368117249143,0.9753318252430987,0.019230769230768125,0.6543845285069779,daily
2025-02-25,72.35,72.55,69.9,70.05,6214368,-0.02910602910602922,0.33882706821344377,0.8747586242679014,0.48789837072239506,0.9651759675058856,0.0,0.6945241430331834,daily
2025-02-26,70.05,73.15,69.8,73.15,6620608,0.044254104211277845,0.06537108841961081,1.0119660780174087,1.4485174318570349,0.976161278512441,0.2561983471074388,0.9178757319040325,daily
2025-02-27,74.95,76.6,73.15,76.6,14695514,0.04716336295283652,1.2196623029184028,1.569011114377529,1.076297341982534,1.019424023643573,0.7561983471074387,1.2920933585423633,daily
2025-02-28,76.6,76.6,73.3,74.1,8792661,-0.03263707571801566,-0.4016772057105318,1.710831033416421,0.9269856863299709,1.0250790951971873,0.8091603053435112,1.3787959432254273,daily
2025-03-03,74.45,74.8,71.2,71.2,6865891,-0.039136302294196956,-0.21913388904678577,1.2002343616008786,0.9601181262438199,0.991771427004817,0.3969465648854965,1.1410135580258314,daily
2025-03-04,71.25,73.9,71.2,73.1,4254000,0.02668539325842678,-0.38041544790035264,0.8997709751853581,0.743291613312107,0.9886499882532932,0.3206106870229011,0.9003441947362522,daily
2025-03-05,73.85,73.85,72.4,73.05,2887329,-0.0006839945280436854,-0.3212672778561354,0.6425047369572738,0.955768243130924,1.0033640651145888,0.4618320610687022,0.7881335966091932,daily
2025-03-06,73.6,74.4,72.25,73.2,5887849,0.002053388090349051,1.039202667932889,0.7348905883364151,0.3087272237494922,1.0038435441304907,0.46946564885496245,0.8128490712634314,daily
2025-03-07,73.3,74.0,72.3,73.65,6059547,0.006147540983606703,0.029161413616415777,0.9755709524481768,0.0733279061781423,1.0063714065940048,0.5152671755725204,0.8130234753507383,daily
2025-03-10,72.6,73.55,71.7,72.2,5053221,-0.019687712152070658,-0.16607281039325217,0.9731121200161786,0.3585034208948029,0.9985967601914545,0.4389312977099249,0.7741604368756196,daily
2025-03-11,71.05,72.85,70.95,72.35,4473558,0.0020775623268696197,-0.11471158692643757,0.8770589904800992,0.6643746318778072,0.9881066475958985,0.27060361888606144,0.7720309326545047,daily
2025-03-12,72.35,72.65,70.85,71.6,6814902,-0.010366275051831408,0.5233740123633135,0.9678063187856514,0.5772019171145468,0.9834958302060415,0.1435185185185171,0.8244316876304212,daily
2025-03-13,71.5,72.2,70.8,71.0,4523598,-0.008379888268156388,-0.33621965510289065,0.9531481366877373,0.2771808075973884,0.979058023455877,0.03703703703703625,0.744118696378139,daily
2025-03-14,71.8,73.9,70.6,73.6,12559338,0.036619718309859106,1.7764045346204504,1.1190607071139804,1.0053949496066483,0.9969726522953037,0.4905660377358469,0.9686282522175645,daily
2025-03-17,74.2,74.65,72.35,72.9,10636369,-0.009510869565217184,-0.1531106973950379,1.2993892978351433,1.9090194128850317,1.0092382248206642,0.849056603773583,1.3771825450180228,daily
2025-03-18,73.75,80.4,73.0,80.2,27746842,0.10013717421124824,1.6086761375051957,1.6927451190210412,1.937587859428266,1.0481246756632472,0.8584905660377361,1.6610763892560167,daily
2025-03-19,80.95,81.95,77.0,78.7,16277371,-0.018703241895261846,-0.4133613115323178,1.8405086737438265,2.009429476966804,1.0786959268507688,0.9184782608695652,1.778730913902332,daily
2025-03-20,78.7,79.0,75.9,76.05,13147641,-0.03367217280813217,-0.19227490729307573,1.3271326799506604,1.1507822499643898,1.0444819623349857,0.6929347826086953,1.4355964066330738,daily
2025-03-21,76.05,77.4,75.05,75.5,10354270,-0.007232084155161078,-0.2124617640533385,1.0772236698928315,0.3422227519981626,1.019617985953405,0.5190217391304344,1.0020724169148525,daily
2025-03-24,75.25,78.4,75.25,78.05,7926580,0.033774834437086065,-0.23446269027174294,0.8998457420693483,0.5528132334360962,1.0276923089053493,0.6277173913043474,0.8155548886625477,daily
2025-03-25,77.5,78.95,77.05,77.5,4676798,-0.007046764894298452,-0.40998539092521613,0.6999985822971961,0.6688146797460381,1.0335450871756788,0.7364130434782604,0.7974162288472211,daily
2025-03-26,77.5,78.3,77.2,77.9,3307534,0.005161290322580614,-0.292778093045712,0.5152456788131187,0.43663011080858816,1.0247347195884378,0.7282608695652174,0.7084536814881971,daily
2025-03-27,78.05,78.25,76.95,77.5,3733441,-0.005134788189987249,0.12876874432734486,0.5062052933042247,0.189699648570047,1.016180654733898,0.6900684931506849,0.6484084835947035,daily
2025-03-28,77.8,78.6,76.15,76.35,5571602,-0.014838709677419404,0.49235035453888254,0.6648368310148713,0.2612508120115311,0.9999840566325985,0.5513698630136976,0.6965526640318744,daily
2025-03-31,77.6,81.65,77.05,79.0,18466930,0.034708578912901134,2.0,1.4610520069166548,0.9211248463489062,1.0038901866224181,0.6086417953949277,1.111661361295422,daily
2025-04-01,79.85,80.0,75.35,75.5,7528921,-0.044303797468354444,-0.5923025104876664,1.6227448074780952,1.8272585686924105,0.9974870968194454,0.37234042553191465,1.4328301372854435,daily
2025-04-02,75.9,76.95,75.65,76.6,5017249,0.014569536423840956,-0.333603181651129,0.8679921838778972,1.8745774661395136,0.9863928674134796,0.15714285714285628,1.2353162012763477,daily
2025-04-03,75.35,75.75,72.05,72.95,18345600,-0.047650130548302805,2.0,1.0247447798158298,1.5824329852001204,0.973082026230753,0.15714285714285628,1.2494547826088511,daily
2025-04-07,65.7,67.9,63.3,63.75,22121683,-0.12611377655928724,0.20583044435723008,1.5240016035709512,1.341205602262943,0.8977766471297001,0.0,1.3165325011739395,daily
2025-04-08,65.0,67.8,65.0,65.8,16915124,0.0321568627450981,-0.23535998594681973,1.4707149087882745,1.605951257331572,0.8650183932004512,0.06721311475409822,1.2218029313002288,daily
2025-04-09,64.0,69.15,63.2,68.55,14271488,0.041793313069908855,-0.15628830152235362,1.3200525965712446,1.1123051967972104,0.9099143542421491,0.224590163934426,1.143191950244146,daily
2025-04-10,68.0,71.75,68.0,69.25,10870100,0.010211524434719177,-0.23833450303149883,1.187492451250333,0.2518973741273202,0.9444470590766118,0.33770491803278674,0.9254237282709561,daily
2025-04-11,68.5,70.45,67.6,69.5,6663024,0.0036101083032491488,-0.38703195002805857,0.8830826225871342,0.23456873785220478,0.9619109478841024,0.3688524590163934,0.7185040691890165,daily
2025-04-14,71.0,71.15,68.75,69.1,5124375,-0.0057553956834532904,-0.23092352661494242,0.6879691693115111,0.10311754421430766,0.9711090874280188,0.36393442622950795,0.6244443896873066,daily
2025-04-15,69.85,71.1,68.85,70.8,4472850,0.02460202604920414,-0.12714233443102818,0.6586986409726496,0.25634556904279293,0.9910369311910218,0.4497289022134335,0.610059557184583,daily
2025-04-16,70.8,70.8,68.15,68.9,7832300,-0.026836158192090287,0.7510759359245225,0.9353697140128934,0.5364146111857196,0.9999580644346724,0.474708171206226,0.7826140896915145,daily
2025-04-17,68.85,69.9,68.4,69.35,3749574,0.006531204644411925,-0.5212678268197082,0.9712679558356991,0.8789675466762653,0.9995745749345695,0.5047369311453221,0.9087682400039567,daily
2025-04-22,69.9,71.3,69.7,70.55,4251388,0.017303532804614274,0.13383227001254006,0.7665022435074035,0.7240966919970047,1.0185840844050549,0.7866173296330554,0.889907300920874,daily
2025-04-23,72.3,72.4,70.9,72.0,4398054,0.020552799433026347,0.034498380293682906,0.8222461956006079,0.25554743154616844,1.0334318830764597,0.9822695035460993,0.8660792704601872,daily
2025-04-24,71.65,73.0,71.55,72.55,3050950,0.007638888888888751,-0.3062954661311571,0.7499397316457213,0.3456297321669094,1.0366889590662396,1.0,0.796135898405372,daily
2025-04-25,72.9,73.85,71.9,72.05,4494015,-0.006891798759476209,0.4729887412117537,0.7820899418065138,0.576089148213528,1.029489845933596,0.9315068493150682,0.8569343278100481,daily
2025-04-28,72.3,74.05,72.3,73.3,3322260,0.017349063150589927,-0.26073677991728994,0.82950926691056,0.8014001256609882,1.0292646713121383,0.9315068493150682,0.9370389515092645,daily
2025-04-29,73.3,74.1,72.5,73.9,4766070,0.008185538881309906,0.4345866970074588,0.8680041538551168,0.7084496207836957,1.0361787536203875,1.0,0.9787139173263606,daily
2025-04-30,75.0,75.4,73.15,73.55,7634119,-0.0047361299052774974,0.6017639270929718,1.2098654817011183,0.6580688512990966,1.0315332371657226,0.964999999999999,1.1015491938098094,daily
2025-05-02,73.55,75.4,72.6,74.85,3752912,0.017675050985723972,-0.5084027377618818,1.1529744402195754,1.198135182381727,1.0320074810278053,0.964999999999999,1.157354750455447,daily
2025-05-06,73.0,74.9,73.0,74.45,4612150,-0.005344021376085362,0.22895234420631239,0.9135334949401366,1.4688835252363965,1.0314236357852185,0.9636363636363643,1.1916023617029323,daily
2025-05-07,75.45,75.75,73.2,73.85,6554289,-0.008059100067159264,0.4210918985722494,1.1042866827680138,0.8107877339477065,1.0174483114056874,0.8473572938689222,1.1802546030972574,daily
2025-05-08,73.95,75.0,73.1,74.65,5971839,0.010832769126608133,-0.0888654741955992,1.1758952006657886,0.6927672574099162,1.0128149237351747,0.8486332109343142,1.079111981213063,daily
2025-05-09,75.0,76.2,74.5,76.2,3588558,0.02076356329537843,-0.3990866130182009,0.9224647049832891,0.90645192278123,1.0230370216469917,0.9649122807017562,1.0078981953192765,daily
2025-05-12,76.0,79.95,76.0,79.3,7642062,0.04068241469816258,1.1295634625384348,1.0422432475857066,0.7300188618138856,1.0467476118257628,1.0,1.0966676633345356,daily
2025-05-13,79.8,79.8,77.85,79.05,4294055,-0.0031525851197982124,-0.4381025696991204,1.09328202610603,1.3326525369329136,1.0562608029775902,0.9791666666666665,1.1965828396603184,daily
2025-05-14,79.9,79.9,77.05,78.1,6365629,-0.012017710309930485,0.48242838063322435,0.9485620792009826,1.0782510979935878,1.0400701772778946,0.8748188405797097,1.168360450870622,daily
2025-05-15,78.5,78.7,77.45,78.2,5481087,0.001280409731114096,-0.13895594606597395,1.0176730162507646,0.4383815575623682,1.0282281943758405,0.8,1.0208140712396314,daily
2025-05-16,78.1,78.35,77.55,77.9,2852759,-0.0038363171355498826,-0.47952677999820104,0.8169988122033707,0.36797100008586925,1.0211095178636673,0.7759074591144806,0.8040255620186487,daily
2025-05-19,79.55,80.5,78.5,80.2,8615090,0.029525032092426073,2.0,1.0296093210097759,0.7448296597832704,1.0276181452070272,0.8715596330275235,1.0198966926444055,daily
2025-05-20,80.2,81.85,79.15,81.7,6344233,0.018703241895261735,-0.26359062992957705,1.315220159114971,0.8477663021653854,1.043786633826045,1.0,1.2323824342785894,daily
2025-05-21,81.9,82.3,81.0,82.15,5238366,0.005507955936352449,-0.1743105904212534,1.1300536669171493,0.46073515143988003,1.045909709954622,1.0,1.0614570260989686,daily
2025-05-22,82.15,82.6,81.0,82.0,3690355,-0.0018259281801583649,-0.2955140973349323,0.9546472845543776,0.4467877486599675,1.0374734651352915,0.9873949579831927,0.9249095870348795,daily
2025-05-23,82.85,83.75,81.7,82.65,3715842,0.007926829268292801,0.0069063816353711616,0.8629791448893614,0.4526546712367865,1.031609675056353,0.9873949579831927,0.8811833758115971,daily
2025-05-26,82.65,83.1,81.1,81.3,4342775,-0.016333938294010975,0.1687189606016617,0.8970174095723673,0.8692392134144341,1.0218257245695992,0.8578947368421042,0.9533278037029316,daily
2025-05-27,81.35,82.25,80.85,82.1,3735260,0.009840098400983877,-0.13989096833246029,0.9123513407477766,1.2650396456936828,1.0151848080585741,0.7999999999999977,1.0536682052974644,daily
2025-05-28,82.2,83.7,82.0,82.8,3406253,0.008526187576126665,-0.08808141869642272,0.8619050054609806,0.6911041416205614,1.0195966015470341,0.9421052631578933,1.0088635755880722,daily
2025-05-29,82.9,83.85,82.25,83.75,4358320,0.011473429951690761,0.2795056620867564,0.9244361549430986,0.1334850719807589,1.0233092510284125,1.0,0.9187917831515094,daily
2025-05-30,82.0,83.35,82.0,82.4,6854486,-0.016119402985074527,0.5727358248132308,1.2043219615226797,0.9527322288695979,1.0146248433524878,0.8098591549295779,1.0623588940721427,daily
2025-06-02,81.85,82.85,81.2,82.85,2429324,0.005461165048543659,-0.6455862627773986,1.0391106343757617,1.521455224943699,1.0047101622827606,0.6261856855418219,1.1598888390150353,daily
2025-06-03,79.5,80.25,76.9,77.6,4696219,-0.06336753168376585,0.9331381898832762,0.8164015970613165,1.6180990769466357,0.9763153415118593,0.31632653061224375,1.1559557580987756,daily
2025-06-04,77.1,77.1,75.4,75.6,5516192,-0.02577319587628868,0.17460280280796114,1.0196131493704903,1.468431523698393,0.938317716169096,0.0,1.1363590726642787,daily
2025-06-05,76.2,76.75,74.6,75.0,9076224,-0.007936507936507908,0.6453785510004002,1.3327275815967863,0.7648045990072375,0.9301477422023926,0.0,1.0537987119720762,daily
2025-06-06,75.1,76.2,74.85,76.2,12072115,0.016000000000000014,0.33008120998335877,1.7550432808347474,0.5682009080195989,0.9417199295013801,0.0685714285714285,1.0847083906416346,daily
2025-06-09,75.95,76.15,74.2,76.15,10609457,-0.0006561679790025865,-0.1211600452778987,1.8361476509615546,0.5512005412652972,0.9557506269026012,0.13428571428571456,1.1118502610310173,daily
2025-06-10,76.15,77.05,75.15,75.8,4123005,-0.004596191726854992,-0.6113839756360764,1.2836607058958325,0.286993057760635,0.9601353130603092,0.11142857142857138,0.9128609735604438,daily
2025-06-11,75.9,76.35,75.05,75.6,4017768,-0.0026385224274406704,-0.025524344501158702,0.7881549037903712,0.0856269068756442,0.9648987962122871,0.0799999999999993,0.6682412659970651,daily
2025-06-12,75.6,76.05,74.85,74.9,3492341,-0.009259259259259078,-0.13077584370227446,0.7304790917607281,0.12738824539956928,0.9690666637566341,0.03428571428571374,0.5868294024204261,daily
2025-06-13,74.4,75.15,73.25,73.9,5287060,-0.013351134846461998,0.5139014202794057,0.8962604342556443,0.22102662751438393,0.9689328879236446,0.0,0.6413108500431589,daily
2025-06-16,73.8,75.55,73.55,75.35,7167504,0.01962110960757757,0.3556691242391803,1.247285894805217,1.0994840621337885,0.9821727408071069,0.19594594594594478,0.9185548234388043,daily
2025-06-17,75.8,76.3,75.3,76.0,3420907,0.00862641008626408,-0.5227199036094016,1.1220567750126706,1.3053530230545367,1.0019254485869686,0.6524676850763789,1.1053164703307,daily
2025-06-18,76.1,76.5,74.75,74.85,1702137,-0.015131578947368496,-0.5024310804123,0.6530295054244472,1.0514773971448932,1.0001622108147137,0.6630434782608664,0.9634153775896035,daily
2025-06-19,74.85,75.3,74.1,74.45,3140097,-0.005344021376085362,0.8447968641772079,0.6022029760279632,1.0210032981110326,0.9907420544647976,0.32608695652173625,0.8855995043674507,daily
2025-06-20,74.1,74.85,73.9,74.6,13071965,0.002014775016789594,2.0,1.549480665824595,0.5192672305101117,0.9904992556859404,0.27512077294685666,1.1329819764389073,daily
2025-06-23,74.55,74.55,73.05,73.8,4789786,-0.01072386058981234,-0.6335833212527726,1.8163965419193666,0.5930945354067825,0.9887671066489587,0.1555555555555528,1.1835052264261,daily
2025-06-24,74.2,75.75,73.9,75.5,7837636,0.023035230352303593,0.6363227918742089,1.528490353605503,1.1770985982340332,0.9965314804089087,0.3863636363636363,1.18743358734541,daily
2025-06-25,75.95,77.0,75.6,76.75,3184345,0.01655629139072845,-0.5937110373587138,1.348169514545325,0.9648721580795749,1.0156374414559444,0.8863636363636362,1.2283130881250817,daily
2025-06-26,76.45,76.9,75.5,75.75,2532876,-0.013029315960912058,-0.20458493033889225,0.8088168313358035,0.8930975139763584,1.0159595960922947,0.8305084745762712,1.0250674372561102,daily
2025-06-27,75.4,75.95,74.45,74.95,3268835,-0.010561056105610533,0.29056258577206306,0.7835459969443175,0.7949821298748629,1.0026989085102134,0.52542372881356,0.9155919071904294,daily
2025-06-30,75.0,75.65,73.95,74.45,2968184,-0.006671114076050699,-0.0919749696757407,0.8305532704173287,0.16271421148448664,0.9939442098397528,0.30508474576271327,0.7846764034534071,daily
2025-07-02,75.45,76.7,74.35,76.0,3551475,0.02081934184016121,0.19651443441511707,0.8823754781539646,0.7396855581151806,1.0015310877379844,0.48305084745762783,0.784740132366797,daily
2025-07-03,76.9,77.4,75.5,76.45,2736923,0.005921052631578938,-0.22935597181452771,0.8790676007537763,0.9825820543596446,1.0137630921086345,0.8220338983050851,0.9402035349087495,daily
2025-07-04,76.65,77.8,75.5,77.55,3350519,0.014388489208633004,0.22419191186598963,0.8640073604784124,0.5501305171761856,1.0208709965461549,0.9491525423728816,0.9587166264139477,daily
2025-07-07,77.55,78.0,76.15,76.5,4217637,-0.013539651837524147,0.2588010991729939,1.0138604035140146,0.8950594766565124,1.0178497582707626,0.8600000000000001,1.0133638574202941,daily
2025-07-08,77.0,77.0,75.6,76.15,6141363,-0.004575163398692683,0.4561146442901558,1.2963735915711005,0.9318823951078208,1.005771094590418,0.6341935483870978,1.1414882006662375,daily
2025-07-09,76.25,76.4,75.3,76.05,4087481,-0.0013131976362443787,-0.3344342290139827,1.2762385949692212,0.33700959823597465,1.000888147037256,0.5322580645161292,1.0312933529084372,daily
2025-07-10,76.5,76.7,75.5,76.3,3556149,0.0032873109796187627,-0.12999008435757864,1.0007970225483753,0.23869789677593928,1.0018088924316368,0.5564516129032246,0.8252674114248735,daily
2025-07-11,76.45,77.95,76.45,77.3,5065202,0.013106159895150737,0.42435032952781215,1.0699877004403051,0.4529991323906247,1.009292248492203,0.7580645161290316,0.8817455598397073,daily
2025-07-14,76.8,77.85,76.3,77.45,2939600,0.0019404915912031306,-0.4196480219347619,1.0127012915523426,0.7397750230114404,1.0141566920259253,0.9435483870967747,0.9683127791527117,daily
2025-07-15,77.65,79.4,77.4,79.2,4805212,0.022595222724338226,0.634648251462784,0.9999340320269542,1.0578466053196505,1.02172704415023,0.983870967741936,1.0846256352816115,daily
2025-07-16,79.2,79.5,78.1,78.2,2658462,-0.012626262626262652,-0.4467544824245008,0.9929965334865407,1.6427908761887762,1.0220229184144982,0.8412698412698412,1.204662845164485,daily
2025-07-17,78.3,79.1,77.25,77.8,2947427,-0.005115089514066584,0.10869630636059502,0.8283636356767835,1.2540940487318304,1.0105948183553877,0.6190476190476185,1.1227439290746977,daily
2025-07-18,78.0,78.6,77.55,77.95,2854458,0.001928020565552746,-0.03154242666569862,0.8363507613270202,0.4689976754116284,1.0078295043967134,0.5793650793650789,0.9188768811158767,daily
2025-07-21,78.65,79.6,78.5,79.6,3777198,0.021167415009621493,0.3232627700249926,0.9264927010486073,0.7815642360563348,1.0171562317846958,0.8015873015873016,0.9026258166606461,daily
2025-07-22,79.8,80.45,79.0,79.85,3277342,0.003140703517587884,-0.13233513308012979,0.9777416278624869,1.0672522287618036,1.0249425168813273,1.0,1.0568575133011366,daily
2025-07-23,80.25,81.9,78.6,81.9,6149462,0.025673137132122825,0.8763565108554432,1.229260622567424,1.0815248884340982,1.033346734295484,1.0,1.225347546116197,daily
2025-07-24,81.0,81.45,78.8,79.5,8150510,-0.029304029304029422,0.3254021246086243,1.6806648701278024,1.5775481048547684,1.0252527804870075,0.7391304347826082,1.4507509401486902,daily
2025-07-25,79.5,79.65,78.5,78.7,5048936,-0.010062893081761004,-0.380537414223159,1.4890646895288633,1.3905440162522043,1.0019686727218735,0.3795798729848553,1.3896177594739232,daily
2025-07-28,79.0,79.25,78.25,79.0,3566456,0.003811944091486552,-0.2936222602148255,1.0057583425998602,0.6611924709536201,0.9969330685824933,0.2867909016168809,1.0226903555143798,daily
2025-07-29,78.8,79.1,77.85,79.05,3332218,0.0006329113924050667,-0.06567808491118354,0.8336288800616676,0.3483642092570344,0.9982631053576534,0.2987804878048774,0.7504401770156436,daily
2025-07-30,79.15,80.55,78.45,79.9,6962968,0.010752688172043223,1.0895895766723545,1.1018399702943673,0.27090970053550434,1.0029610746491218,0.4085365853658536,0.8319958886596006,daily
2025-07-31,79.9,79.9,75.9,76.15,8454591,-0.046933667083854824,0.2142222971583383,1.6436946932821783,1.0878846668139006,0.9846122029497558,0.25609756097561,1.1202962656687303,daily
2025-08-01,76.0,77.1,75.6,75.9,3277782,-0.0032829940906106136,-0.6123074433760308,1.4190696827962097,1.5568176275751848,0.9616414094877346,0.0,1.1996369507490237,daily
2025-08-04,75.7,77.35,75.7,76.25,2707179,0.004611330698287119,-0.17408204694515983,0.8690010371638109,0.8159919043136257,0.9655810361888029,0.029166666666665914,0.9501952732355567,daily
2025-08-05,76.9,77.7,76.5,77.6,3117530,0.017704918032786843,0.1515788206099411,0.83686249912962,0.3767206368052243,0.9798570229305832,0.17083333333333164,0.7329356523633106,daily
2025-08-06,77.45,78.2,76.7,77.8,2953870,0.002577319587628857,-0.052496688083194076,0.8762192924931294,0.5087638440536317,0.9937433980295916,0.3791666666666644,0.7352302324889015,daily
2025-08-07,78.4,78.95,77.9,78.6,2457688,0.010282776349614275,-0.16797692518628105,0.8212661745240946,0.4105441400435181,1.0033391970126235,0.5749999999999973,0.7559826961936944,daily
2025-08-08,77.8,78.85,77.65,78.5,1207419,-0.0012722646310431296,-0.5087175426661155,0.6254291729456616,0.34204677084501856,1.0085381636410786,0.6624999999999976,0.6764133571036717,daily
2025-08-11,78.7,79.85,78.55,79.25,2047322,0.009554140127388644,0.6956185052579096,0.577234380384866,0.39841354195312395,1.0126777961620959,0.7437499999999984,0.7083659257605285,daily
2025-08-12,79.25,80.6,78.7,79.75,3133889,0.006309148264984188,0.5307259922962777,0.8295619331256772,0.36274813674478174,1.0200796017295746,0.8999999999999984,0.8551600916125253,daily
2025-08-13,80.0,80.8,79.1,80.4,2985107,0.008150470219435713,-0.04747519774950548,0.9798000769333777,0.2838913214003673,1.0266671460181098,0.9812499999999991,0.8903281068893044,daily
2025-08-14,80.4,81.3,80.0,81.0,3923911,0.00746268656716409,0.31449592929164694,1.083101346591863,0.1578052435717184,1.0311432069573807,1.0,0.9265128748682577,daily
2025-08-15,80.8,80.85,80.1,80.75,4566667,-0.0030864197530864335,0.16380493849121458,1.218346043677206,0.7852756006854948,1.0270313583135224,0.9736842105263155,1.0621392608200746,daily
2025-08-18,81.0,81.5,80.4,80.95,4790303,0.002476780185758587,0.04897138328676043,1.2485419117509124,1.1324613375188781,1.0205164372745554,0.9663312693498454,1.1957526834960517,daily
2025-08-19,82.75,83.6,80.85,82.6,8399280,0.020382952439777613,0.7533922175695358,1.5106890430528646,1.2570685741699403,1.0258840406863383,0.9926470588235295,1.3709908283917271,daily
2025-08-20,82.6,82.6,80.55,81.4,3201877,-0.014527845036319431,-0.6187914916516654,1.323775117663488,2.0777021194469114,1.0232313616967843,0.8536585365853668,1.4667455904088404,daily
2025-08-21,81.4,82.5,80.9,81.9,4220077,0.006142506142506221,0.3180009725545361,0.907434189091384,1.9404594594143787,1.0144726425976192,0.7682926829268315,1.3923723316285435,daily
2025-08-22,82.0,82.35,80.2,81.15,3622702,-0.009157509157509125,-0.1415554739877969,0.8930787563772276,1.2211951509200876,1.009201676163658,0.6982162358937045,1.196602516794579,daily
2025-08-25,81.9,84.0,81.65,83.95,6455530,0.03450400492914363,0.7819655053051562,1.0446756559799297,1.463942084833789,1.0172105732792749,0.7835820895522398,1.1891732776722026,daily
2025-08-26,84.0,84.45,83.15,83.3,5089307,-0.007742703990470612,-0.2116360701600024,1.139435579319584,1.8763442975229234,1.0253008838195612,0.9084507042253509,1.3540943371369387,daily
2025-08-27,84.05,84.35,81.3,81.5,5472333,-0.021608643457382892,0.07526093434725012,1.0505176097772608,1.1660430795757548,1.0074043942539321,0.5256382042253509,1.230800027850634,daily
2025-08-28,82.0,82.3,80.9,81.6,3883512,0.0012269938650306678,-0.2903370463749191,0.9520875537257568,0.6926073888553327,0.9959696217379399,0.2499999999999986,0.9410891165849137,daily
2025-08-29,82.5,83.85,81.6,81.75,5387121,0.0018382352941177516,0.38717763714905473,0.9351340876228759,0.4436366334113491,0.9965225066201193,0.2661458333333316,0.806007772086928,daily
2025-09-01,83.3,85.5,82.65,83.9,6497257,0.02629969418960254,0.206072222992578,1.103928314571646,0.47859949025487164,1.0081043967450423,0.6244047619047617,0.8801593883597855,daily
2025-09-02,84.85,87.8,84.1,86.8,10295120,0.0345649582836709,0.5845332884323338,1.4273451880229637,0.6017034748788633,1.0343193668068864,0.9910714285714288,1.0933855540486626,daily
2025-09-03,87.9,87.9,84.2,84.35,3566673,-0.02822580645161299,-0.6535569279425593,1.2480433997420297,1.0424088599829116,1.0326399155657544,0.7831858407079637,1.1606394499842014,daily
2025-09-04,85.35,85.35,83.1,83.35,4799157,-0.011855364552459946,0.34555564807875583,0.9029878007235721,1.171164608993763,1.009122364782256,0.4778761061946887,1.0694245871749026,daily
2025-09-05,84.5,86.5,84.4,86.5,6896238,0.037792441511697694,0.4369686176134684,1.151779427933472,0.9550174142956802,1.0178386505615893,0.666388378694272,1.1056926191750227,daily
2025-09-08,86.65,87.65,85.8,87.35,4083807,0.009826589595375745,-0.407821046779418,1.1314018086823574,1.1197090997997912,1.0364194071549246,0.9716981132075471,1.1392657472118737,daily
2025-09-09,88.0,88.2,86.55,87.3,3952717,-0.0005724098454492621,-0.03209994987520226,0.9450655637637335,0.5881409489445528,1.0366281051792123,0.9957264957264956,1.0425241191785912,daily
2025-09-10,87.1,87.45,86.05,86.7,1895585,-0.0068728522336769515,-0.5204349312131378,0.7562116677041841,0.2529352512136317,1.0271752148418158,0.9392047565960615,0.8319099297879995,daily
2025-09-11,86.7,87.6,86.05,86.9,2831082,0.0023068050749712743,0.49351361189289844,0.647379522665313,0.23833533095906229,1.0184866915415487,0.9032996894409951,0.7575157743669236,daily
2025-09-12,86.95,88.15,85.5,85.9,3215009,-0.011507479861910253,0.13561140228364987,0.7753070932545458,0.39598116295791386,1.0082174766322924,0.7785714285714307,0.8069764023095267,daily
2025-09-15,85.9,86.2,84.7,85.75,2264930,-0.0017462165308499422,-0.295513636198219,0.7462728371298549,0.4659025338787902,0.9979962204221828,0.6187500000000018,0.7619593856213839,daily
2025-09-16,85.8,86.05,83.9,84.55,3510989,-0.013994169096209985,0.5501534263752081,0.794386570430367,0.4784971131911563,0.9903679532111354,0.45000000000000073,0.7746012301991427,daily
2025-09-17,84.55,86.45,84.55,85.75,9452051,0.014192785334121938,1.6921334700849249,1.5459323486790497,1.280254035292331,0.990860158924741,0.45000000000000073,1.1881707845425042,daily
2025-09-18,85.75,86.2,82.75,83.55,6621301,-0.025655976676384862,-0.29948526515567886,1.8994479812120255,2.1927004407095376,0.984132174955664,0.3000000000000004,1.5869670861362293,daily
2025-09-19,83.75,85.05,83.1,85.05,6580958,0.01795332136445249,-0.006092911347785002,1.5292777223511473,2.235003950498352,0.9807823227317041,0.1973684210526314,1.573210728030058,daily
2025-09-22,85.2,85.4,82.4,82.65,4481521,-0.02821869488536144,-0.31901692732273934,1.226210347158243,2.0139455837191718,0.9790103172036226,0.1973684210526314,1.3995097543382762,daily
2025-09-23,83.0,83.75,81.7,82.4,3165252,-0.003024803387779773,-0.29371032736430336,0.9002803550507001,1.4851468578507012,0.9690051472647824,0.0,1.1187458511278452,daily
2025-09-24,82.7,83.45,81.85,83.4,3284498,0.012135922330097193,0.03767346170225938,0.7767394967591916,0.8296305672559998,0.9781285775275681,0.11111111111111077,0.8692423027936763,daily
2025-09-25,83.4,83.6,81.05,81.55,4791024,-0.02218225419664277,0.4586777035638323,0.9463109833492117,0.9389529878968631,0.9780651139334097,0.11111111111111077,0.8649655580578868,daily
2025-09-26,81.55,82.85,81.0,81.8,3927249,0.003065603923972926,-0.1802902678007875,1.0639071374686009,1.1102247198723494,0.974070289827958,0.02976190476190441,0.939600179974611,daily
2025-09-29,83.0,83.2,81.7,82.4,3602145,0.007334963325183574,-0.08278161125001238,0.9936862277502412,0.5546060938127615,0.983509718306038,0.13095238095238154,0.8533423335525532,daily
2025-09-30,82.0,82.3,81.05,82.25,3510952,-0.00182038834951459,-0.02531630459073686,0.9798618787726032,0.2847290122596401,0.9895432854083109,0.18452380952381042,0.7436461111074809,daily
2025-10-02,82.6,82.95,81.55,82.75,2384376,0.006079027355623046,-0.3208747940729466,0.8567659100805942,0.39491061669030836,0.9948236114473186,0.25476190476190513,0.6879630789885439,daily
2025-10-03,82.75,83.3,82.0,83.2,1200198,0.005438066465256908,-0.49664063050458485,0.5908557443016389,0.2149437199262453,1.0025682076513578,0.40714285714285803,0.5983769246370219,daily
2025-10-06,83.2,83.5,81.1,81.25,1902106,-0.0234375,0.5848268369052441,0.5293139920240657,0.7708765291898593,0.9959807591073948,0.23571428571428618,0.6554200030852588,daily
2025-10-08,82.35,82.35,80.1,81.15,2667389,-0.0012307692307691465,0.4023345702079695,0.712879400409905,1.3795501931722471,0.986754427996837,0.0,0.866884739656453,daily
2025-10-09,81.2,82.45,80.4,82.35,3835660,0.014787430683918634,0.43798298635857,0.9981118751734708,1.1326021081859527,0.9943745576523699,0.26666666666666383,1.0068244822944825,daily
2025-10-10,81.45,82.9,80.95,81.35,3208815,-0.012143290831815423,-0.16342559038079496,1.1330969074544086,1.2844938994288126,0.996857818999157,0.31544715447153915,1.0667325821450966,daily
2025-10-13,79.8,80.25,78.15,80.1,8003411,-0.01536570374923174,1.4941952091348365,1.6096277317321142,0.8718849323635042,0.9852562799968707,0.04878048780487501,1.2064436481399492,daily
2025-10-14,80.0,81.4,79.6,79.9,4000693,-0.0024968789013731785,-0.5001265085599127,1.6944768081797028,0.4486465561240515,0.9784136465238786,0.0,1.1347008252311783,daily
2025-10-15,82.0,82.35,81.05,82.2,2929903,0.028785982478097605,-0.26765112944182423,1.1089213742448538,1.010990689190491,0.9925317418964839,0.348484848484848,0.9539849241224834,daily
2025-10-16,83.5,83.5,80.85,82.0,2773143,-0.0024330900243308973,-0.05350347776018527,0.9233741346992325,1.3099190637021643,1.005665124644933,0.6666666666666656,1.0318438073518579,daily
2025-10-17,82.4,82.45,80.45,81.1,2956680,-0.010975609756097682,0.06618374890872913,0.9184226224483042,0.8597882946952109,1.0000874168928537,0.49999999999999756,1.0120083963456994,daily
2025-10-20,83.4,83.4,81.45,82.2,2364910,0.01356350184956856,-0.20014678626026494,0.8995192300633471,0.7548478382046813,1.002952568428539,0.6512059369202223,0.9111611548601101,daily
2025-10-21,81.9,83.2,81.85,82.35,2438947,0.0018248175182480342,0.03130647677924325,0.8630678566217712,0.8333827770868106,1.0105630029042305,0.969387755102042,0.9414999127551741,daily
2025-10-22,82.2,82.95,81.7,82.6,1824827,0.0030358227079538835,-0.25179718952482366,0.7960401865935862,0.3112289668149174,1.0114351909618007,1.0,0.8861151616692194,daily
2025-10-23,82.75,83.5,82.3,83.4,1643497,0.009685230024213176,-0.09936832368219017,0.6922154137176809,0.22342225593741422,1.0163134314139044,1.0,0.7657729138315355,daily
2025-10-24,84.2,84.2,83.25,84.0,1895178,0.007194244604316502,0.1531374867127837,0.7145219510424916,0.2673128979474019,1.0225678347915976,1.0,0.7792682867998793,daily
2025-10-27,85.0,85.0,83.6,84.0,2842547,0.0,0.4998839159171329,0.9138347895863455,0.407530065116005,1.0221522627617121,1.0,0.8852494728457427,daily
2025-10-28,84.8,84.8,81.95,82.25,4173917,-0.02083333333333337,0.4683722028166992,1.229931686047563,0.9843365847716454,1.007684516474011,0.6982758620689656,1.0829637656454354,daily
2025-10-30,81.75,84.1,81.65,83.15,7894723,0.01094224924012166,0.8914422591536919,1.7941537895393167,1.692482202193614,1.0005113717824599,0.5517241379310359,1.4341455866355912,daily
2025-10-31,83.15,84.9,83.15,84.0,2633614,0.010222489476849006,-0.6664083084359007,1.5494489307487784,1.0655870358363608,1.0092942290205582,0.8534482758620698,1.440806277525562,daily
2025-11-03,84.1,84.55,82.35,82.4,2872909,-0.01904761904761898,0.09086183472596976,0.8645845502570249,0.8230153129414263,1.0027802554676408,0.555555555555556,1.0650388945801663,daily
2025-11-04,82.4,84.4,82.2,84.15,5282930,0.02123786407766981,0.8388782937433801,1.0418928452118765,1.7493783584730191,1.0017031644921646,0.555555555555556,1.14844449254824,daily
2025-11-05,84.15,85.25,82.65,84.45,4883997,0.0035650623885916666,-0.07551358810357134,1.2303678127807607,1.3756435626740746,1.0115791064141013,1.0,1.3373415553397592,daily
2025-11-06,85.25,87.05,84.5,87.05,4301999,0.030787448194197653,-0.1191642828609436,1.1374452537090336,0.9601054512630078,1.0249173660682676,1.0,1.2129737723144194,daily
2025-11-07,86.5,86.95,85.35,86.15,3708490,-0.010338885697874667,-0.13796121291520524,1.0393589582955323,1.3122855307332164,1.030687831583435,0.9062500000000004,1.1531205972823058,daily
2025-11-10,86.7,87.7,85.75,87.35,3375670,0.013929193267556483,-0.08974542199116087,0.9662291239067237,1.3076361110916883,1.028717209429451,0.9062500000000004,1.1642183691974979,daily
2025-11-11,87.5,87.7,85.5,86.1,3465228,-0.014310246136233551,0.026530436920670475,0.9350781235269966,1.0910294708558816,1.025128951573905,0.8774509803921563,1.1190748770381438,daily
2025-11-12,86.75,90.15,86.15,89.85,5133335,0.04355400696864109,0.481384486100193,1.1087071600655143,1.4655690402445454,1.0338882371753289,0.8774509803921563,1.2117323675634855,daily
2025-11-13,90.0,90.35,88.8,89.65,3016882,-0.0022259321090705164,-0.41229590509873215,1.0871565433933146,1.7017293296314433,1.0461786559212656,0.9865771812080539,1.313858645217954,daily
2025-11-14,88.3,89.85,88.25,88.85,2634176,-0.008923591745677806,-0.12685481235262097,0.8493877877239268,0.9098635444163359,1.0335156416462814,0.9194630872483223,1.1371849501241558,daily
2025-11-17,88.8,88.9,87.25,87.55,2596174,-0.01463140123804163,-0.014426522753225313,0.7976662815749613,0.20397974502443186,1.01548746188939,0.7311315200753554,0.8702540164752243,daily
2025-11-18,87.55,87.8,85.2,85.75,5071415,-0.02055968018275267,0.9534187616084284,1.078043729058809,0.19021402344087135,0.9937599481175864,0.41861598440545744,0.851465911489673,daily
2025-11-19,86.9,87.95,85.9,86.35,3216619,0.0069970845481048816,-0.3657354012637498,1.1841407528151673,0.5652403952566981,0.9848892701902138,0.19354110207768632,0.8853798381682451,daily
2024-09-20,59.2,65.4,58.0,64.0,147697388,,0.0,,,,,,weekly
2024-09-27,65.0,82.15,64.7,74.2,62672592,0.15937500000000004,-0.5756689211050909,1.3320146165431477,,,,,weekly
2024-10-04,74.0,97.0,70.0,93.0,87089285,0.25336927223719674,0.3895912426918613,1.2753683696659708,,,,,weekly
2024-10-11,95.0,101.0,77.0,84.75,36430761,-0.08870967741935487,-0.5816849225481642,1.2103372212320793,,,,,weekly
2024-10-18,84.5,84.5,70.4,76.3,19838515,-0.09970501474926252,-0.455446044621467,0.7172817950211472,,,,,weekly
2024-10-25,75.2,80.9,73.55,78.0,9881147,0.022280471821756187,-0.5019210359243118,0.4623417547612822,0.3006358419354215,0.9839046599638327,0.45344827586206893,,weekly
2024-11-01,78.0,79.35,69.1,71.15,16303199,-0.08782051282051273,0.6499298107800644,0.4276555874263296,0.5395432236914662,0.9575725613021707,0.3646551724137932,0.5910850533499236,weekly
2024-11-08,71.5,74.25,68.85,72.0,25346498,0.01194659170765977,0.5546947565321383,0.6499445383004014,0.5194140023771174,0.9294790890407305,0.26120689655172424,0.7160018235348908,weekly
2024-11-15,69.2,75.35,69.2,70.4,19745583,-0.022222222222222143,-0.22097391915837838,0.7353972043807087,0.35351460066057916,0.9328075438727158,0.24827586206896557,0.6702136409483221,weekly
2024-11-22,70.4,70.95,67.1,67.85,14297241,-0.03622159090909105,-0.275927127601145,0.6343490462979354,0.13807375628058266,0.9146337451192247,0.17672413793103445,0.5619529906270456,weekly
2024-11-29,68.3,73.5,68.1,69.35,30981683,0.022107590272660183,1.1669693474426288,0.9052085057104118,0.44142861412262024,0.9093985086618335,0.09620038390347556,0.6956496465697307,weekly
2024-12-06,69.35,75.0,69.1,71.55,54568526,0.03172314347512617,0.7613157425953909,1.6451595410427424,0.46439933385496207,0.9323074779226326,0.10337972166998012,0.9946977925159118,weekly
2024-12-13,71.85,79.9,71.0,74.85,45281856,0.04612159329140453,-0.17018363296087569,1.837747560939451,0.18098298286446765,0.982603061979719,0.2806592398273083,1.0854711788372355,weekly
2024-12-20,74.75,76.65,72.7,74.65,16752593,-0.00267201068804257,-0.6300374039438665,1.1961549795272541,0.5133017443498464,1.0224013600700488,0.5420759611741046,0.9515331542830803,weekly
2024-12-27,75.6,77.9,74.8,76.1,8780829,0.01942397856664413,-0.47585254414048017,0.6335485391484743,0.6813559172638461,1.0382245357068913,0.7413793103448277,0.7966057236004608,weekly
2025-01-03,76.1,78.0,73.9,75.3,14541994,-0.010512483574244391,0.6561071853238458,0.574300038471502,0.6558056693658165,1.044779759974496,0.8579190924018509,0.8238933214500037,weekly
2025-01-10,75.3,81.15,74.7,77.05,23325881,0.023240371845949515,0.6040359389503256,0.8442703583080637,0.8247497124555399,1.0489940432986238,0.9515151515151516,0.9906289256686918,weekly
2025-01-17,76.95,76.95,73.4,75.3,20741197,-0.022712524334847495,-0.11080756178083906,0.9985703424727708,1.153791136522662,1.0424545205512494,0.904891304347826,1.0971268977618938,weekly
2025-01-24,76.1,78.1,73.1,73.3,16529358,-0.026560424966799445,-0.2030663418316696,0.9051439960131133,0.7530439801775554,1.0124993658707202,0.7010869565217391,1.0093208071604247,weekly
2025-01-31,73.3,74.95,72.8,74.9,2849251,0.02182810368349264,-0.8276248236622379,0.5574989167116668,0.7206097575342645,1.0029150318424045,0.656585262563524,0.7735834674695248,weekly
2025-02-07,75.1,75.5,70.2,75.3,24828137,0.005340453938584622,2.0,0.6405697748404864,0.963404091835218,1.0076194710210031,0.7012987012987018,0.9169858006137486,weekly
2025-02-14,75.3,76.1,73.25,76.1,29280116,0.010624169986719778,0.17931184284990853,1.0853515097822362,0.387033921609493,1.0085532165174893,0.7142424242424238,1.054369728462956,weekly
2025-02-21,76.1,76.1,71.4,72.35,31351073,-0.04927726675427069,0.07072912552668842,1.1765839146426094,0.91667923601302,0.9875211142639202,0.3733333333333329,0.9750621399923074,weekly
2025-02-28,72.3,76.6,69.8,74.1,40964802,0.024187975120939953,0.306647526864551,1.2975520326269026,1.7612441700774957,0.9762401179085218,0.18617021276595727,1.1771454271239958,weekly
2025-03-07,74.45,74.8,71.2,73.65,25954616,-0.006072874493927016,-0.3664166617966321,1.19108504295339,1.3523096190409365,0.9868727867361272,0.3244680851063839,1.2076529186156164,weekly
2025-03-14,72.6,73.9,70.6,73.6,33424617,-0.0006788866259336279,0.28781011439352455,1.0237876635711414,0.49132701213248936,0.9862701539179916,0.2712765957446818,0.9705133070762055,weekly
2025-03-21,74.2,81.95,72.35,75.5,78162493,0.025815217391304435,1.3384708641538063,1.5374622285774966,0.4587686803745988,1.0008534200238373,0.5529787234042559,1.0578732950059173,weekly
2025-03-28,75.25,78.95,75.25,76.35,25215955,0.011258278145695355,-0.6773905996063867,1.4525548577302043,0.5992451028509348,1.0196372414931072,0.9200000000000007,1.1556334430785469,weekly
2025-04-04,77.6,81.65,72.05,72.95,49358700,-0.04453176162409944,0.9574392482854606,1.158168526787108,0.9003068262102452,1.0020417433740696,0.575000000000001,1.1197490134002879,weekly
2025-04-11,65.7,71.75,63.2,69.5,70841419,-0.047292666209732714,0.43523672625089405,1.7335581902809118,0.7136648504830148,0.9597044421885892,0.07500000000000095,1.1860664115640855,weekly
2025-04-18,71.0,71.15,68.15,69.35,21179099,-0.0021582733812950394,-0.7010350823153331,1.4472778267030482,0.6027395333904665,0.9427413523037336,0.0,1.0114375637222135,weekly
2025-04-25,69.9,73.85,69.7,72.05,16194407,0.03893294881038223,-0.23535902070243875,0.7335484375872751,1.049115857307977,0.966664791513183,0.19285714285714295,0.8239403324039043,weekly
2025-05-02,72.3,75.4,72.3,74.85,19475361,0.03886190145732127,0.20259797101554877,0.6793131747633292,0.47771293622484523,1.0052394421886417,0.5857142857142859,0.7841871290008529,weekly
2025-05-09,73.0,76.2,73.0,76.2,20726836,0.018036072144288706,0.06425939935080027,0.7502652657643184,0.21614244724035123,1.0304139165242345,0.8821428571428576,0.7729379814737345,weekly
2025-05-16,76.0,79.95,76.0,77.9,26635592,0.022309711286089273,0.285077568037881,0.8704272506410122,0.2599733060864524,1.046672621294006,0.9892857142857148,0.8351902867598985,weekly
2025-05-23,79.55,83.75,78.5,82.65,27603886,0.060975609756097615,0.03635338760257323,0.9978228755083138,0.39123857709585763,1.0805898185720544,1.0,0.9130979488824553,weekly
2025-05-30,82.65,83.85,80.85,82.4,22697094,-0.003024803387779773,-0.17775729112922722,0.9641683691997283,1.0239703694395397,1.0992649645858479,0.9906015037593984,1.011119926849149,weekly
2025-06-06,81.85,82.85,74.6,76.2,33790074,-0.07524271844660202,0.4887401003846572,1.059514867540552,1.293345852896041,1.0515457315434338,0.7481203007518797,1.1646110414566064,weekly
2025-06-13,75.95,77.05,73.25,73.9,27529631,-0.030183727034120644,-0.18527461644505427,1.1367994318557209,0.9784697839267931,0.9946755072278571,0.4285714285714288,1.12508641350761,weekly
2025-06-20,73.8,76.5,73.55,74.6,28502610,0.00947225981055455,0.0353429728135477,1.0654720745927158,0.6940768883043509,0.9801288781277473,0.368421052631579,0.9572711155078572,weekly
2025-06-27,74.55,77.0,73.05,74.95,21613478,0.004691689008043065,-0.24170179502859568,0.97802725487935,0.37384839137453785,0.9801463490477469,0.3341608738828201,0.8196974615491073,weekly
2025-07-04,75.0,77.8,73.95,77.55,12607101,0.0346897931954635,-0.41670188388930274,0.7425940992588094,0.29790767480376135,0.9922093075004729,0.3453638814016168,0.6610092947982359,weekly
2025-07-11,77.55,78.0,75.3,77.3,23067832,-0.003223726627981982,0.829749123133066,0.7599068752475139,0.5846379190039924,1.0023677764680705,0.4028571428571418,0.7384542365178761,weekly
2025-07-18,76.8,79.5,76.3,77.95,16205159,0.008408796895213566,-0.29749969568011414,0.8414129965223252,0.45368393168702753,1.0022237101475957,0.42571428571428493,0.7992472505353015,weekly
2025-07-25,78.65,81.9,78.5,78.7,26403448,0.009621552277100598,0.629323599972083,0.9353399372632395,0.13756164347531707,1.0096007666031954,0.5057142857142852,0.7876152741500009,weekly
2025-08-01,79.0,80.55,75.6,75.9,25594015,-0.03557814485387545,-0.030656337005681933,1.1028261377149302,0.7111970284753671,1.000166405164067,0.39193277310924335,0.8949542370484983,weekly
2025-08-08,75.7,78.95,75.7,78.5,12443686,0.03425559947299073,-0.5138048485163427,0.8795281087527804,1.8117729795333495,1.0059127205307128,0.5968137254901956,1.0335643240101198,weekly
2025-08-15,78.7,81.3,78.55,80.75,16656896,0.02866242038216571,0.3385821532301603,0.7116616123951695,1.1979365899169219,1.0369858459261783,0.9791666666666662,1.1184405733620424,weekly
2025-08-22,81.0,83.6,80.2,81.15,24234239,0.004953560371517174,0.4549072648349368,0.8845987003097793,0.443086537824979,1.0462482132438686,1.0,1.0311573106408285,weekly
2025-08-29,81.9,84.45,80.9,81.75,26287803,0.007393715341959206,0.08473812608681452,1.0442965270611932,0.39925325972200554,1.0429981573175817,1.0,0.9615280564815186,weekly
2025-09-05,83.3,87.9,82.65,86.5,32054445,0.05810397553516822,0.2193656883384283,1.2118956183547345,0.6983653699336567,1.0643400859622012,1.0,1.0494228339414065,weekly
2025-09-12,86.65,88.2,85.5,85.9,15978200,-0.006936416184970984,-0.5015293510775183,1.117074559771488,1.4710289583342286,1.0772459203168454,0.9716981132075473,1.181369322108655,weekly
2025-09-19,85.9,86.45,82.75,85.05,28430229,-0.009895227008149154,0.7793136273172196,1.0713254183972554,0.8489858621934853,1.0575485096697586,0.9033018867924527,1.2074954824295436,weekly
2025-09-26,85.2,85.4,81.0,81.8,19649544,-0.038212815990593785,-0.30885030859230855,1.103920125906654,0.36960453431509926,1.024835660731078,0.7099056603773579,1.0226815889985026,weekly
2025-10-03,83.0,83.3,81.05,83.2,10697671,0.017114914425427896,-0.4555766281395639,0.8023334034780769,1.019020246056449,1.0082334121948597,0.6226415094339619,0.8687740269515138,weekly
2025-10-10,83.2,83.5,80.1,81.35,11613970,-0.022235576923076983,0.08565406432858147,0.6491996386559006,1.166867846276804,0.9994711461648929,0.5224646226415091,0.9057266990344821,weekly
2025-10-17,79.8,83.5,78.15,81.1,20663830,-0.003073140749846326,0.7792219198086443,0.8598595229254925,0.7165427670006302,0.9818724330249614,0.20855978260869468,0.9204259215621915,weekly
2025-10-24,83.4,84.2,81.45,84.0,10167359,0.035758323057953234,-0.5079634801486462,0.8658241133564413,0.6706997971663062,0.9943382783467074,0.2989533011272138,0.8219398743666849,weekly
2025-10-31,85.0,85.0,81.65,84.0,17544801,0.0,0.7256006205741334,0.8175356193206638,0.994471730649783,1.0081340056886603,0.5370370370370375,0.8866167234597079,weekly
2025-11-07,84.1,87.05,82.2,86.15,21050325,0.025595238095238226,0.1998041471088785,1.114884062398445,0.9241982743081113,1.0165831615747376,0.7361111111111118,1.0734763262048865,weekly
2025-11-14,86.7,90.35,85.5,88.85,17625291,0.03134068485200214,-0.16270694157928678,1.1367071661492356,0.4424674584553547,1.0413672912165781,0.967592592592593,1.0342658116882777,weekly
2025-11-21,88.8,88.9,85.2,86.35,10884208,-0.028137310073157007,-0.38246647956053603,0.8648538610303937,0.9448496382269229,1.0408476511012996,0.8387096774193548,0.9563734845857634,weekly
